Genere,Nome,Cognome,Età,Email
Other,Alex,Taylor,25,alex.t@example.com
,Chris,Martin,33,chris.m@example.com
Non-Binary,Jordan,Lee,27,jordan.l@example.com
M,Robert,Garcia,40,robert.g@example.com
F,Lisa,Wilson,35,lisa.w@example.com
Maschio,Marco,Rossi,42,marco.r@example.com
Femmina,Giulia,Bianchi,31,giulia.b@example.com
Mal,James,Clark,37,james.c@example.com
Femal,Jessica,Moore,29,jessica.m@example.com
